,genero,edad,horasEstudio,municipio,lecturaCritica,matematicas,sociales,naturales,ingles
0,Femenino,16-18,3-5 horas,Jamundi,89,36,65,56,49
1,Femenino,16-18,0-2 horas,Cali,80,63,51,79,23
2,Masculino,16-18,6-8 horas,Yumbo,69,33,57,90,13
3,Masculino,13-15,0-2 horas,Yumbo,21,44,18,50,38
4,Femenino,13-15,0-2 horas,Cali,72,32,55,88,29
5,Masculino,16-18,0-2 horas,Cali,69,63,54,91,49
6,Masculino,16-18,6-8 horas,Cali,53,15,74,89,26
7,Femenino,16-18,0-2 horas,Cali,57,27,32,56,28
8,Masculino,13-15,9-11 horas,Yumbo,38,46,71,82,20
9,Masculino,16-18,3-5 horas,Cali,31,49,54,82,18
10,Masculino,16-18,9-11 horas,Cali,76,24,22,61,19
11,Masculino,16-18,6-8 horas,Jamundi,54,43,35,52,48
12,Masculino,13-15,9-11 horas,Cali,14,49,49,42,54
13,Femenino,16-18,3-5 horas,Cali,74,66,36,38,46
14,Femenino,16-18,3-5 horas,Cali,31,18,51,30,60
15,Masculino,16-18,6-8 horas,Jamundi,70,35,72,89,27
16,Femenino,13-15,3-5 horas,Jamundi,55,49,29,56,47
17,Masculino,16-18,9-11 horas,Cali,82,66,66,23,38
18,Femenino,16-18,3-5 horas,Yumbo,55,54,58,22,17
19,Masculino,16-18,0-2 horas,Cali,20,65,59,85,12
20,Masculino,16-18,9-11 horas,Cali,59,49,53,41,38
21,Masculino,13-15,3-5 horas,Cali,76,45,68,22,11
22,Masculino,16-18,6-8 horas,Jamundi,66,21,34,32,11
23,Femenino,16-18,9-11 horas,Yumbo,72,50,25,34,42
24,Masculino,16-18,9-11 horas,Cali,39,26,36,89,28
25,Femenino,16-18,3-5 horas,Cali,74,48,71,47,54
26,Femenino,16-18,3-5 horas,Cali,67,12,28,48,14
27,Masculino,13-15,0-2 horas,Yumbo,73,70,24,59,28
28,Femenino,16-18,0-2 horas,Jamundi,34,16,39,43,55
29,Masculino,16-18,6-8 horas,Cali,83,20,48,61,58
30,Femenino,16-18,0-2 horas,Yumbo,18,22,59,76,56
31,Masculino,13-15,0-2 horas,Jamundi,64,66,20,74,36
32,Femenino,13-15,3-5 horas,Jamundi,70,48,63,53,29
33,Femenino,13-15,0-2 horas,Yumbo,17,48,26,33,52
34,Masculino,16-18,6-8 horas,Yumbo,63,25,64,77,22
35,Femenino,13-15,6-8 horas,Jamundi,42,55,43,24,27
36,Masculino,13-15,6-8 horas,Jamundi,88,68,40,99,51
37,Masculino,13-15,6-8 horas,Jamundi,16,48,67,63,34
38,Masculino,16-18,3-5 horas,Cali,64,42,49,77,44
39,Femenino,16-18,0-2 horas,Cali,93,46,21,91,56
40,Femenino,16-18,9-11 horas,Cali,68,47,50,74,53
41,Femenino,16-18,0-2 horas,Jamundi,20,23,17,90,53
42,Masculino,16-18,3-5 horas,Cali,54,55,45,81,20
43,Masculino,16-18,6-8 horas,Cali,21,29,54,51,11
44,Masculino,13-15,6-8 horas,Cali,20,47,69,32,21
45,Femenino,16-18,6-8 horas,Yumbo,31,69,27,28,28
46,Femenino,16-18,3-5 horas,Jamundi,31,29,74,87,57
47,Masculino,13-15,6-8 horas,Cali,86,42,64,36,37
48,Masculino,16-18,3-5 horas,Cali,82,54,56,85,42
49,Masculino,13-15,3-5 horas,Yumbo,95,70,17,67,36
50,Femenino,16-18,0-2 horas,Yumbo,40,42,44,82,31
51,Masculino,16-18,3-5 horas,Cali,52,39,38,63,10
52,Femenino,13-15,3-5 horas,Yumbo,87,62,16,53,16
53,Femenino,13-15,0-2 horas,Cali,89,53,30,53,13
54,Femenino,16-18,3-5 horas,Yumbo,56,12,65,46,29
55,Masculino,16-18,9-11 horas,Cali,18,67,77,15,25
56,Femenino,16-18,0-2 horas,Cali,33,57,65,81,36
57,Masculino,16-18,0-2 horas,Cali,57,23,47,26,10
58,Masculino,16-18,0-2 horas,Yumbo,36,66,44,97,58
59,Masculino,16-18,3-5 horas,Yumbo,20,60,80,31,56
60,Masculino,16-18,3-5 horas,Cali,91,36,16,50,18
61,Masculino,16-18,0-2 horas,Yumbo,40,39,61,41,13
62,Masculino,16-18,3-5 horas,Yumbo,93,19,47,48,17
63,Femenino,16-18,6-8 horas,Cali,18,20,36,19,45
64,Masculino,16-18,3-5 horas,Cali,77,62,61,69,12
65,Femenino,13-15,9-11 horas,Jamundi,38,53,26,41,55
66,Femenino,16-18,0-2 horas,Cali,51,34,75,71,49
67,Masculino,16-18,3-5 horas,Cali,70,37,59,24,10
68,Masculino,16-18,0-2 horas,Jamundi,94,34,25,19,36
69,Femenino,16-18,0-2 horas,Yumbo,67,59,76,81,18
70,Masculino,16-18,9-11 horas,Cali,22,51,78,22,60
71,Masculino,16-18,0-2 horas,Cali,20,20,19,61,43
72,Femenino,13-15,3-5 horas,Cali,27,23,72,31,12
73,Masculino,16-18,0-2 horas,Yumbo,94,19,40,49,50
74,Femenino,16-18,0-2 horas,Cali,14,40,77,16,49
75,Masculino,13-15,6-8 horas,Jamundi,42,20,41,54,39
76,Masculino,16-18,0-2 horas,Yumbo,64,63,68,92,37
77,Femenino,16-18,0-2 horas,Cali,57,54,36,49,43
78,Masculino,16-18,3-5 horas,Yumbo,68,52,16,100,29
79,Femenino,13-15,6-8 horas,Jamundi,91,16,71,22,54
80,Masculino,16-18,3-5 horas,Cali,25,27,39,54,42
81,Masculino,16-18,0-2 horas,Yumbo,78,21,25,84,26
82,Masculino,16-18,3-5 horas,Cali,79,44,38,53,10
83,Masculino,16-18,0-2 horas,Cali,79,39,18,61,35
84,Femenino,16-18,0-2 horas,Yumbo,91,30,51,69,42
85,Femenino,16-18,0-2 horas,Cali,19,24,67,53,24
86,Femenino,16-18,6-8 horas,Cali,76,42,57,41,35
87,Femenino,13-15,0-2 horas,Yumbo,31,28,23,70,49
88,Femenino,16-18,0-2 horas,Yumbo,52,30,56,65,54
89,Masculino,13-15,6-8 horas,Cali,39,54,58,45,17
90,Femenino,13-15,9-11 horas,Jamundi,14,27,52,52,47
91,Femenino,16-18,0-2 horas,Cali,85,64,65,65,38
92,Femenino,13-15,6-8 horas,Yumbo,10,41,36,59,26
93,Masculino,16-18,0-2 horas,Cali,66,16,28,96,49
94,Femenino,16-18,0-2 horas,Cali,60,23,34,32,47
95,Masculino,16-18,6-8 horas,Cali,17,58,21,42,21
96,Masculino,16-18,3-5 horas,Jamundi,58,22,32,49,31
97,Masculino,16-18,9-11 horas,Cali,12,13,79,68,53
98,Masculino,16-18,3-5 horas,Cali,76,32,49,61,19
99,Masculino,16-18,3-5 horas,Yumbo,73,25,67,98,45
100,Masculino,16-18,3-5 horas,Yumbo,30,56,73,67,16
101,Femenino,16-18,6-8 horas,Yumbo,26,29,31,94,15
102,Masculino,16-18,6-8 horas,Cali,85,12,79,33,49
103,Masculino,16-18,6-8 horas,Jamundi,73,54,58,62,34
104,Masculino,16-18,3-5 horas,Cali,35,27,37,82,17
105,Masculino,13-15,3-5 horas,Cali,78,32,32,58,49
106,Masculino,16-18,3-5 horas,Jamundi,38,17,47,42,17
107,Femenino,16-18,0-2 horas,Jamundi,71,24,25,67,58
108,Masculino,13-15,0-2 horas,Cali,64,48,75,78,15
109,Femenino,13-15,0-2 horas,Jamundi,30,29,67,75,60
110,Masculino,16-18,0-2 horas,Jamundi,88,41,44,42,50
111,Masculino,16-18,9-11 horas,Jamundi,76,27,34,70,26
112,Masculino,16-18,9-11 horas,Yumbo,72,30,75,45,53
113,Femenino,16-18,0-2 horas,Jamundi,46,55,64,52,20
114,Masculino,13-15,3-5 horas,Jamundi,38,26,78,24,45
115,Femenino,13-15,3-5 horas,Cali,93,57,73,39,31
116,Masculino,16-18,9-11 horas,Jamundi,42,23,34,92,16
117,Masculino,16-18,3-5 horas,Jamundi,59,31,79,70,32
118,Masculino,16-18,3-5 horas,Yumbo,50,32,44,72,42
119,Masculino,13-15,3-5 horas,Cali,95,34,74,55,37
120,Masculino,16-18,6-8 horas,Yumbo,76,31,29,77,21
121,Masculino,16-18,0-2 horas,Yumbo,42,48,52,63,26
122,Masculino,16-18,6-8 horas,Cali,88,37,66,80,21
123,Masculino,16-18,6-8 horas,Cali,32,22,78,48,39
124,Masculino,16-18,3-5 horas,Yumbo,60,50,35,93,15
125,Femenino,16-18,6-8 horas,Yumbo,81,67,55,24,16
126,Femenino,16-18,3-5 horas,Cali,43,67,27,70,42
127,Masculino,16-18,9-11 horas,Yumbo,59,70,25,85,15
128,Femenino,16-18,0-2 horas,Cali,26,45,53,50,31
129,Masculino,13-15,0-2 horas,Jamundi,19,36,59,54,49
130,Masculino,16-18,3-5 horas,Cali,40,53,57,83,57
131,Femenino,16-18,3-5 horas,Cali,68,61,35,22,58
132,Masculino,16-18,6-8 horas,Cali,47,34,40,43,23
133,Femenino,16-18,3-5 horas,Cali,86,65,40,99,15
134,Masculino,16-18,3-5 horas,Yumbo,78,20,55,91,60
135,Femenino,16-18,3-5 horas,Yumbo,91,16,47,75,31
136,Masculino,16-18,3-5 horas,Cali,66,67,57,88,39
137,Femenino,13-15,6-8 horas,Cali,81,28,62,16,22
138,Femenino,16-18,0-2 horas,Cali,63,26,69,15,54
139,Femenino,16-18,9-11 horas,Cali,53,69,26,80,55
140,Masculino,13-15,0-2 horas,Jamundi,41,18,35,44,48
141,Masculino,13-15,6-8 horas,Jamundi,28,25,69,96,20
142,Masculino,16-18,0-2 horas,Jamundi,60,52,23,74,15
143,Masculino,13-15,0-2 horas,Cali,79,13,29,97,20
144,Masculino,13-15,0-2 horas,Jamundi,23,35,54,64,22
145,Masculino,16-18,9-11 horas,Cali,69,27,39,43,27
146,Femenino,16-18,6-8 horas,Cali,45,59,16,94,22
147,Masculino,16-18,0-2 horas,Jamundi,52,46,66,39,10
148,Femenino,16-18,6-8 horas,Cali,30,54,69,71,37
149,Femenino,13-15,0-2 horas,Yumbo,87,41,24,25,27
150,Femenino,16-18,6-8 horas,Jamundi,52,58,66,45,26
151,Masculino,16-18,3-5 horas,Cali,68,59,17,35,22
152,Femenino,16-18,0-2 horas,Cali,42,58,33,74,48
153,Masculino,13-15,3-5 horas,Jamundi,75,34,80,68,58
154,Masculino,16-18,0-2 horas,Cali,81,21,29,71,18
155,Femenino,16-18,0-2 horas,Cali,69,67,18,30,48
156,Masculino,16-18,0-2 horas,Cali,37,58,70,68,17
157,Masculino,16-18,3-5 horas,Yumbo,29,65,80,76,46
158,Femenino,16-18,0-2 horas,Jamundi,59,65,51,36,54
159,Femenino,16-18,3-5 horas,Yumbo,92,61,48,73,60
160,Masculino,13-15,9-11 horas,Jamundi,77,31,23,32,14
161,Femenino,13-15,0-2 horas,Cali,38,35,22,30,32
162,Masculino,16-18,6-8 horas,Jamundi,21,29,23,96,19
163,Femenino,16-18,0-2 horas,Yumbo,73,14,32,36,19
164,Masculino,16-18,6-8 horas,Yumbo,63,31,18,21,17
165,Femenino,16-18,0-2 horas,Cali,85,12,67,28,40
166,Masculino,16-18,6-8 horas,Jamundi,32,14,78,73,42
167,Masculino,16-18,0-2 horas,Cali,69,42,69,62,11
168,Masculino,13-15,3-5 horas,Jamundi,83,29,31,93,48
169,Femenino,16-18,0-2 horas,Yumbo,66,38,71,75,15
170,Femenino,16-18,3-5 horas,Jamundi,10,49,15,26,60
171,Masculino,16-18,6-8 horas,Yumbo,64,41,25,33,41
172,Femenino,16-18,0-2 horas,Yumbo,50,28,45,24,52
173,Masculino,13-15,6-8 horas,Cali,82,47,18,36,28
174,Femenino,16-18,6-8 horas,Cali,89,55,23,75,11
175,Masculino,16-18,0-2 horas,Jamundi,40,52,38,77,11
176,Femenino,13-15,0-2 horas,Cali,29,43,43,31,24
177,Femenino,13-15,0-2 horas,Yumbo,67,67,40,37,57
178,Masculino,16-18,6-8 horas,Jamundi,90,45,57,74,53
179,Masculino,16-18,9-11 horas,Jamundi,38,69,15,22,24
180,Masculino,16-18,9-11 horas,Cali,56,44,34,68,16
181,Masculino,16-18,6-8 horas,Jamundi,78,66,52,63,16
182,Masculino,13-15,6-8 horas,Yumbo,93,32,62,83,13
183,Masculino,16-18,3-5 horas,Yumbo,38,38,49,75,45
184,Femenino,16-18,9-11 horas,Yumbo,60,57,21,37,31
185,Femenino,16-18,9-11 horas,Cali,13,27,44,99,33
186,Femenino,16-18,6-8 horas,Cali,87,42,73,17,42
187,Femenino,16-18,0-2 horas,Cali,36,49,30,19,36
188,Femenino,13-15,6-8 horas,Cali,10,66,63,100,60
189,Femenino,13-15,0-2 horas,Cali,11,37,21,41,23
190,Femenino,13-15,6-8 horas,Cali,82,21,56,61,35
191,Femenino,16-18,3-5 horas,Jamundi,67,21,45,59,39
192,Masculino,16-18,0-2 horas,Cali,86,68,17,68,49
193,Masculino,13-15,0-2 horas,Jamundi,57,35,43,24,16
194,Masculino,16-18,3-5 horas,Cali,13,53,38,34,18
195,Femenino,16-18,3-5 horas,Yumbo,49,57,66,17,27
196,Femenino,16-18,9-11 horas,Yumbo,48,47,44,75,36
197,Femenino,16-18,9-11 horas,Yumbo,28,60,63,67,36
198,Masculino,16-18,6-8 horas,Cali,51,38,68,55,58
199,Femenino,16-18,0-2 horas,Jamundi,61,62,71,38,12
200,Masculino,16-18,9-11 horas,Cali,74,65,74,40,22
201,Masculino,16-18,0-2 horas,Cali,47,65,41,55,35
202,Masculino,16-18,6-8 horas,Cali,79,45,72,56,16
203,Femenino,13-15,3-5 horas,Cali,81,13,59,67,53
204,Masculino,16-18,3-5 horas,Cali,42,28,35,15,17
205,Masculino,16-18,3-5 horas,Yumbo,93,37,76,42,25
206,Masculino,16-18,0-2 horas,Cali,73,61,52,35,37
207,Masculino,16-18,0-2 horas,Jamundi,40,60,17,80,45
208,Femenino,16-18,6-8 horas,Cali,23,45,56,31,39
209,Femenino,16-18,6-8 horas,Cali,41,36,33,78,53
210,Masculino,16-18,6-8 horas,Cali,31,15,65,92,56
211,Femenino,16-18,0-2 horas,Yumbo,90,61,41,61,18
212,Femenino,16-18,6-8 horas,Jamundi,48,42,31,19,51
213,Femenino,16-18,3-5 horas,Yumbo,63,30,66,26,11
214,Masculino,16-18,6-8 horas,Cali,38,37,67,26,21
215,Masculino,16-18,6-8 horas,Yumbo,56,67,46,17,11
216,Femenino,13-15,3-5 horas,Cali,75,29,40,35,59
217,Masculino,13-15,0-2 horas,Cali,62,19,62,95,13
218,Femenino,16-18,6-8 horas,Yumbo,93,24,43,90,21
219,Masculino,16-18,0-2 horas,Cali,45,22,70,54,55
220,Femenino,16-18,3-5 horas,Jamundi,53,32,37,20,48
221,Masculino,16-18,3-5 horas,Cali,61,41,40,27,28
222,Femenino,16-18,0-2 horas,Cali,41,12,37,96,54
223,Masculino,16-18,0-2 horas,Cali,43,41,59,40,57
224,Femenino,16-18,3-5 horas,Yumbo,88,46,76,16,47
225,Masculino,16-18,3-5 horas,Cali,40,43,63,38,40
226,Masculino,16-18,0-2 horas,Jamundi,78,56,65,24,52
227,Masculino,16-18,0-2 horas,Cali,19,23,78,75,30
228,Masculino,13-15,3-5 horas,Jamundi,64,44,55,19,12
229,Masculino,16-18,3-5 horas,Yumbo,82,53,31,33,11
230,Femenino,13-15,6-8 horas,Cali,21,35,56,32,17
231,Masculino,16-18,9-11 horas,Yumbo,72,50,62,49,45
232,Femenino,13-15,3-5 horas,Cali,45,45,30,55,18
233,Femenino,13-15,6-8 horas,Jamundi,74,64,49,78,44
234,Femenino,13-15,3-5 horas,Jamundi,54,58,68,32,47
235,Masculino,16-18,6-8 horas,Yumbo,19,35,44,65,54
236,Femenino,16-18,9-11 horas,Cali,55,65,48,46,28
237,Masculino,16-18,6-8 horas,Yumbo,18,68,38,18,57
238,Masculino,13-15,3-5 horas,Jamundi,52,33,16,93,16
239,Femenino,16-18,3-5 horas,Yumbo,69,63,65,83,36
240,Femenino,16-18,3-5 horas,Jamundi,58,20,59,55,23
241,Masculino,16-18,3-5 horas,Yumbo,66,14,19,45,18
242,Masculino,16-18,0-2 horas,Cali,33,17,72,50,31
243,Masculino,16-18,9-11 horas,Cali,73,62,61,20,44
244,Masculino,16-18,6-8 horas,Cali,82,18,77,44,36
245,Femenino,13-15,3-5 horas,Jamundi,53,64,80,80,54
246,Masculino,13-15,6-8 horas,Cali,68,53,47,79,42
247,Masculino,16-18,6-8 horas,Cali,56,58,65,74,26
248,Masculino,16-18,9-11 horas,Yumbo,45,51,36,87,52
249,Masculino,16-18,6-8 horas,Yumbo,38,69,28,69,53
250,Masculino,13-15,0-2 horas,Cali,51,55,33,74,32
251,Femenino,16-18,0-2 horas,Cali,67,27,23,35,50
252,Masculino,13-15,3-5 horas,Jamundi,57,27,33,21,22
253,Masculino,16-18,9-11 horas,Yumbo,26,63,35,71,56
254,Femenino,13-15,6-8 horas,Jamundi,43,34,63,37,30
255,Masculino,16-18,3-5 horas,Yumbo,25,36,34,25,26
256,Masculino,13-15,3-5 horas,Cali,77,49,32,87,60
257,Femenino,16-18,0-2 horas,Cali,80,44,16,77,25
258,Femenino,13-15,6-8 horas,Yumbo,60,12,64,89,39
259,Femenino,16-18,0-2 horas,Cali,45,56,70,53,24
260,Femenino,16-18,0-2 horas,Jamundi,61,25,70,37,44
261,Femenino,16-18,3-5 horas,Cali,19,62,47,26,14
262,Masculino,13-15,6-8 horas,Yumbo,91,48,28,72,54
263,Masculino,16-18,0-2 horas,Cali,82,27,73,67,19
264,Femenino,16-18,0-2 horas,Cali,71,13,55,28,29
265,Masculino,13-15,6-8 horas,Cali,91,56,27,26,43
266,Masculino,16-18,9-11 horas,Jamundi,65,63,23,72,41
267,Masculino,16-18,0-2 horas,Cali,61,20,59,26,44
268,Masculino,13-15,6-8 horas,Yumbo,43,46,51,61,45
269,Masculino,16-18,3-5 horas,Cali,13,16,43,61,31
270,Masculino,16-18,0-2 horas,Yumbo,52,32,77,85,17
271,Masculino,16-18,9-11 horas,Jamundi,25,56,38,33,32
272,Femenino,16-18,3-5 horas,Cali,73,51,51,64,34
273,Masculino,16-18,6-8 horas,Yumbo,82,17,39,65,28
274,Femenino,16-18,9-11 horas,Jamundi,57,35,33,56,29
275,Femenino,13-15,6-8 horas,Yumbo,40,33,20,88,45
276,Masculino,16-18,3-5 horas,Jamundi,35,60,67,99,48
277,Femenino,16-18,0-2 horas,Yumbo,39,58,74,19,19
278,Masculino,16-18,9-11 horas,Jamundi,77,43,34,50,40
279,Femenino,16-18,6-8 horas,Cali,71,32,22,24,58
280,Masculino,13-15,6-8 horas,Cali,14,51,59,79,26
281,Femenino,16-18,3-5 horas,Cali,38,40,80,95,23
282,Femenino,16-18,3-5 horas,Jamundi,64,49,25,74,42
283,Masculino,13-15,0-2 horas,Jamundi,50,17,17,57,44
284,Masculino,16-18,6-8 horas,Cali,33,34,16,21,24
285,Femenino,13-15,0-2 horas,Cali,21,14,38,90,45
286,Masculino,16-18,9-11 horas,Jamundi,46,44,47,46,33
287,Masculino,13-15,0-2 horas,Cali,59,64,64,34,11
288,Masculino,16-18,6-8 horas,Jamundi,30,23,34,27,49
289,Masculino,13-15,6-8 horas,Cali,70,48,49,90,24
290,Femenino,16-18,6-8 horas,Jamundi,68,16,36,68,35
291,Femenino,16-18,0-2 horas,Cali,53,28,29,35,13
292,Femenino,16-18,6-8 horas,Cali,27,43,69,59,44
293,Femenino,16-18,6-8 horas,Cali,80,19,69,67,42
294,Femenino,16-18,6-8 horas,Cali,67,48,72,78,37
295,Masculino,16-18,0-2 horas,Cali,14,59,70,59,18
296,Masculino,16-18,0-2 horas,Jamundi,90,40,28,21,17
297,Femenino,16-18,3-5 horas,Yumbo,47,22,66,41,56
298,Femenino,16-18,0-2 horas,Jamundi,41,30,51,90,18
299,Masculino,16-18,6-8 horas,Cali,71,57,28,62,33
300,Masculino,16-18,6-8 horas,Cali,95,70,73,88,53
301,Masculino,13-15,9-11 horas,Jamundi,42,15,20,37,47
302,Masculino,16-18,0-2 horas,Yumbo,45,16,57,21,10
303,Masculino,16-18,0-2 horas,Yumbo,14,30,49,90,42
304,Femenino,16-18,3-5 horas,Cali,26,21,77,52,50
305,Femenino,16-18,3-5 horas,Cali,44,45,36,49,35
306,Femenino,13-15,9-11 horas,Jamundi,54,46,62,37,11
307,Femenino,16-18,0-2 horas,Cali,91,60,57,99,39
308,Femenino,16-18,0-2 horas,Cali,53,27,55,16,54
309,Masculino,16-18,0-2 horas,Jamundi,40,19,39,44,51
310,Femenino,16-18,3-5 horas,Cali,63,55,80,50,19
311,Masculino,13-15,6-8 horas,Cali,60,49,60,67,29
312,Femenino,13-15,0-2 horas,Jamundi,47,23,17,99,10
313,Masculino,16-18,6-8 horas,Yumbo,69,60,60,16,28
314,Femenino,13-15,6-8 horas,Yumbo,95,49,36,70,52
315,Masculino,16-18,9-11 horas,Cali,63,44,67,57,13
316,Masculino,16-18,0-2 horas,Jamundi,44,37,71,57,24
317,Femenino,16-18,3-5 horas,Cali,84,19,58,66,18
318,Masculino,16-18,0-2 horas,Jamundi,53,48,48,46,38
319,Femenino,16-18,6-8 horas,Cali,84,19,33,28,33
320,Masculino,16-18,3-5 horas,Cali,53,61,77,95,15
321,Masculino,16-18,3-5 horas,Cali,54,53,77,87,17
322,Femenino,16-18,9-11 horas,Cali,66,62,67,30,37
323,Femenino,16-18,0-2 horas,Cali,14,57,70,94,59
324,Masculino,16-18,6-8 horas,Cali,71,61,66,47,34
325,Femenino,13-15,0-2 horas,Cali,33,31,78,18,11
326,Masculino,16-18,9-11 horas,Jamundi,28,68,80,24,46
327,Femenino,16-18,6-8 horas,Jamundi,83,35,30,57,40
328,Masculino,16-18,6-8 horas,Yumbo,92,28,49,60,18
329,Masculino,16-18,0-2 horas,Yumbo,92,15,47,17,19
330,Femenino,16-18,0-2 horas,Yumbo,50,15,65,28,47
331,Masculino,16-18,6-8 horas,Yumbo,61,23,50,20,25
332,Masculino,16-18,3-5 horas,Cali,30,30,45,28,18
333,Femenino,13-15,0-2 horas,Yumbo,11,22,54,74,21
334,Femenino,16-18,6-8 horas,Cali,49,21,56,81,19
335,Masculino,16-18,0-2 horas,Yumbo,83,35,26,41,50
336,Femenino,13-15,3-5 horas,Jamundi,38,24,27,48,23
337,Femenino,16-18,0-2 horas,Cali,20,30,62,27,25
338,Masculino,16-18,3-5 horas,Jamundi,62,64,50,88,26
339,Masculino,16-18,0-2 horas,Jamundi,82,58,69,83,45
340,Femenino,16-18,0-2 horas,Jamundi,73,23,33,61,32
341,Masculino,16-18,0-2 horas,Cali,71,47,39,98,42
342,Femenino,16-18,9-11 horas,Cali,59,56,77,70,16
343,Masculino,16-18,6-8 horas,Jamundi,77,24,29,35,38
344,Masculino,13-15,3-5 horas,Cali,17,41,39,38,12
345,Femenino,16-18,0-2 horas,Jamundi,66,30,74,78,17
346,Femenino,16-18,6-8 horas,Cali,71,16,38,63,10
347,Masculino,16-18,6-8 horas,Cali,91,21,24,15,40
348,Masculino,16-18,0-2 horas,Jamundi,45,34,53,96,29
349,Femenino,16-18,3-5 horas,Yumbo,11,50,19,42,18
350,Masculino,16-18,3-5 horas,Jamundi,54,48,69,33,59
351,Masculino,16-18,0-2 horas,Jamundi,11,55,20,70,53
352,Femenino,16-18,0-2 horas,Yumbo,16,22,39,73,30
353,Masculino,13-15,3-5 horas,Jamundi,84,28,15,44,53
354,Femenino,16-18,6-8 horas,Yumbo,62,49,31,23,56
355,Masculino,16-18,6-8 horas,Yumbo,21,28,72,49,16
356,Masculino,16-18,6-8 horas,Yumbo,28,54,78,43,39
357,Masculino,13-15,6-8 horas,Cali,76,23,15,99,34
358,Masculino,16-18,3-5 horas,Cali,84,23,15,27,51
359,Femenino,16-18,6-8 horas,Cali,91,20,19,84,47
360,Masculino,16-18,6-8 horas,Cali,23,47,54,55,12
361,Masculino,13-15,0-2 horas,Cali,36,59,30,70,27
362,Femenino,16-18,0-2 horas,Cali,84,32,63,73,60
363,Masculino,16-18,0-2 horas,Cali,10,14,26,44,12
364,Femenino,16-18,6-8 horas,Cali,72,54,67,75,55
365,Masculino,16-18,0-2 horas,Cali,53,37,77,64,50
366,Masculino,16-18,9-11 horas,Jamundi,69,65,78,94,28
367,Femenino,16-18,3-5 horas,Jamundi,47,21,49,44,26
368,Masculino,16-18,3-5 horas,Cali,66,18,57,75,27
369,Masculino,16-18,6-8 horas,Jamundi,34,25,76,18,56
370,Masculino,13-15,3-5 horas,Jamundi,53,53,23,64,12
371,Masculino,16-18,0-2 horas,Cali,35,66,62,51,40
372,Masculino,13-15,0-2 horas,Jamundi,26,27,51,87,31
373,Masculino,16-18,0-2 horas,Cali,44,14,43,21,52
374,Masculino,16-18,6-8 horas,Cali,43,69,20,33,60
375,Femenino,16-18,9-11 horas,Jamundi,28,15,66,38,36
376,Masculino,16-18,9-11 horas,Jamundi,76,39,21,100,23
377,Masculino,16-18,9-11 horas,Cali,25,57,77,49,25
378,Masculino,16-18,9-11 horas,Jamundi,56,38,24,40,15
379,Femenino,16-18,9-11 horas,Jamundi,27,53,26,54,38
380,Masculino,16-18,6-8 horas,Cali,88,14,64,86,58
381,Masculino,16-18,3-5 horas,Yumbo,95,47,56,41,11
382,Masculino,13-15,0-2 horas,Cali,22,15,38,39,40
383,Masculino,13-15,9-11 horas,Cali,55,38,49,48,16
384,Masculino,13-15,9-11 horas,Cali,65,68,68,53,30
385,Masculino,16-18,3-5 horas,Cali,64,30,25,61,31
386,Masculino,16-18,9-11 horas,Jamundi,42,67,38,88,49
387,Masculino,16-18,6-8 horas,Cali,19,18,53,68,11
388,Femenino,16-18,6-8 horas,Cali,84,38,79,42,37
389,Masculino,16-18,3-5 horas,Jamundi,62,61,65,86,11
390,Masculino,16-18,9-11 horas,Cali,22,15,45,91,39
391,Masculino,16-18,0-2 horas,Yumbo,90,57,65,24,30
392,Masculino,16-18,0-2 horas,Cali,83,24,58,17,43
393,Femenino,16-18,0-2 horas,Jamundi,80,56,32,23,19
394,Masculino,16-18,3-5 horas,Cali,41,25,79,24,39
395,Femenino,16-18,0-2 horas,Yumbo,80,69,75,46,26
396,Masculino,13-15,3-5 horas,Cali,51,39,67,71,46
397,Femenino,16-18,0-2 horas,Yumbo,74,23,28,44,33
398,Masculino,13-15,3-5 horas,Cali,26,19,50,83,57
399,Masculino,13-15,3-5 horas,Jamundi,53,50,59,84,55
400,Femenino,16-18,6-8 horas,Cali,47,52,34,88,21
401,Masculino,16-18,6-8 horas,Cali,17,35,29,96,33
402,Femenino,16-18,0-2 horas,Cali,16,54,33,16,11
403,Masculino,16-18,6-8 horas,Cali,48,50,27,97,55
404,Femenino,16-18,6-8 horas,Jamundi,37,17,47,85,13
405,Masculino,13-15,9-11 horas,Cali,92,58,76,28,56
406,Femenino,16-18,3-5 horas,Cali,20,50,41,59,40
407,Masculino,16-18,0-2 horas,Yumbo,65,62,34,61,37
408,Femenino,16-18,3-5 horas,Cali,81,40,33,22,30
409,Femenino,16-18,3-5 horas,Jamundi,78,36,58,54,10
410,Masculino,16-18,9-11 horas,Cali,36,24,39,98,17
411,Femenino,13-15,0-2 horas,Yumbo,27,41,25,81,38
412,Masculino,16-18,0-2 horas,Cali,53,60,23,46,18
413,Femenino,16-18,0-2 horas,Cali,92,64,57,88,29
414,Femenino,13-15,3-5 horas,Jamundi,52,33,43,74,16
415,Femenino,16-18,0-2 horas,Yumbo,53,48,34,89,15
416,Masculino,16-18,6-8 horas,Cali,27,31,74,18,24
417,Femenino,16-18,0-2 horas,Jamundi,17,61,21,45,49
418,Femenino,16-18,0-2 horas,Cali,34,14,70,49,31
419,Masculino,16-18,3-5 horas,Jamundi,23,56,63,66,54
420,Femenino,16-18,6-8 horas,Cali,36,62,22,93,33
421,Masculino,13-15,0-2 horas,Cali,21,46,51,34,50
422,Femenino,16-18,3-5 horas,Jamundi,64,48,57,57,54
423,Masculino,13-15,3-5 horas,Yumbo,57,54,47,53,13
424,Femenino,13-15,0-2 horas,Cali,51,37,64,38,54
425,Masculino,16-18,0-2 horas,Yumbo,16,38,34,15,60
426,Masculino,16-18,3-5 horas,Cali,32,56,47,37,48
427,Masculino,16-18,0-2 horas,Cali,55,27,73,85,29
428,Femenino,16-18,0-2 horas,Yumbo,15,45,58,23,25
429,Masculino,16-18,0-2 horas,Jamundi,82,67,44,97,13
430,Femenino,16-18,6-8 horas,Cali,22,44,32,91,57
431,Masculino,16-18,3-5 horas,Cali,87,33,58,78,20
432,Femenino,16-18,0-2 horas,Yumbo,43,32,27,40,15
433,Masculino,13-15,0-2 horas,Jamundi,22,48,50,60,60
434,Masculino,13-15,9-11 horas,Jamundi,48,40,71,43,39
435,Masculino,16-18,0-2 horas,Cali,92,66,38,86,47
436,Masculino,16-18,0-2 horas,Jamundi,50,59,77,30,46
437,Femenino,16-18,6-8 horas,Jamundi,24,44,20,17,49
438,Masculino,16-18,6-8 horas,Jamundi,44,42,60,63,50
439,Masculino,16-18,0-2 horas,Cali,90,46,21,33,40
440,Masculino,16-18,0-2 horas,Yumbo,46,61,72,93,49
441,Masculino,13-15,3-5 horas,Yumbo,62,34,39,59,11
442,Femenino,13-15,0-2 horas,Cali,85,33,38,37,19
443,Femenino,13-15,0-2 horas,Jamundi,12,32,27,45,25
444,Femenino,16-18,9-11 horas,Yumbo,93,47,32,91,12
445,Femenino,16-18,0-2 horas,Jamundi,48,25,75,68,32
446,Masculino,16-18,0-2 horas,Cali,11,43,34,85,60
447,Femenino,16-18,0-2 horas,Jamundi,70,42,19,60,53
448,Masculino,16-18,0-2 horas,Jamundi,66,19,72,73,40
449,Femenino,16-18,0-2 horas,Cali,85,14,27,52,31
450,Masculino,16-18,0-2 horas,Jamundi,93,43,36,61,50
451,Masculino,16-18,6-8 horas,Cali,40,46,55,36,16
452,Masculino,16-18,0-2 horas,Yumbo,54,27,59,37,11
453,Masculino,16-18,9-11 horas,Cali,81,54,17,97,16
454,Masculino,16-18,6-8 horas,Cali,23,12,56,58,56
455,Masculino,13-15,0-2 horas,Cali,11,40,24,55,11
456,Masculino,16-18,9-11 horas,Yumbo,34,47,21,32,24
457,Masculino,13-15,0-2 horas,Jamundi,14,48,35,19,39
458,Femenino,16-18,6-8 horas,Jamundi,53,31,72,91,37
459,Femenino,16-18,3-5 horas,Jamundi,16,18,80,63,53
460,Masculino,16-18,0-2 horas,Yumbo,23,24,72,18,17
461,Femenino,16-18,3-5 horas,Cali,23,48,44,67,44
462,Femenino,16-18,0-2 horas,Cali,31,22,60,27,60
463,Femenino,16-18,3-5 horas,Cali,14,45,78,18,39
464,Masculino,13-15,0-2 horas,Cali,76,17,20,22,13
465,Masculino,16-18,6-8 horas,Cali,95,29,30,97,54
466,Femenino,16-18,0-2 horas,Cali,44,15,27,45,20
467,Femenino,16-18,6-8 horas,Cali,16,51,16,24,48
468,Femenino,16-18,0-2 horas,Jamundi,87,52,27,32,38
469,Femenino,16-18,0-2 horas,Jamundi,26,55,67,87,50
470,Masculino,16-18,3-5 horas,Cali,49,19,72,62,50
471,Femenino,16-18,0-2 horas,Yumbo,48,29,55,21,53
472,Masculino,16-18,3-5 horas,Yumbo,23,19,21,86,30
473,Femenino,16-18,0-2 horas,Jamundi,81,23,69,40,50
474,Femenino,16-18,3-5 horas,Yumbo,91,58,25,74,44
475,Masculino,13-15,3-5 horas,Cali,89,47,71,31,23
476,Femenino,13-15,0-2 horas,Cali,10,19,56,47,16
477,Femenino,13-15,9-11 horas,Cali,94,56,26,62,48
478,Femenino,16-18,3-5 horas,Jamundi,85,36,15,33,31
479,Masculino,16-18,9-11 horas,Cali,35,16,51,88,55
480,Masculino,16-18,3-5 horas,Cali,64,40,60,52,47
481,Masculino,16-18,0-2 horas,Cali,19,15,25,56,59
482,Masculino,16-18,3-5 horas,Cali,18,64,71,20,38
483,Femenino,16-18,0-2 horas,Jamundi,38,60,63,46,37
484,Masculino,13-15,6-8 horas,Cali,54,30,38,64,14
485,Masculino,16-18,6-8 horas,Jamundi,37,34,32,32,34
486,Masculino,16-18,6-8 horas,Yumbo,54,29,69,63,39
487,Femenino,13-15,3-5 horas,Jamundi,69,56,20,70,27
488,Femenino,13-15,3-5 horas,Jamundi,14,29,43,90,33
489,Masculino,13-15,3-5 horas,Yumbo,79,50,56,81,14
490,Masculino,13-15,3-5 horas,Cali,55,46,39,93,10
491,Femenino,13-15,0-2 horas,Yumbo,48,30,33,22,49
492,Masculino,16-18,0-2 horas,Cali,72,54,46,84,39
493,Masculino,16-18,3-5 horas,Jamundi,60,22,44,71,36
494,Femenino,13-15,6-8 horas,Jamundi,16,44,75,71,24
495,Masculino,16-18,0-2 horas,Cali,35,58,48,45,12
496,Femenino,13-15,6-8 horas,Cali,40,42,42,16,14
497,Masculino,13-15,6-8 horas,Cali,92,36,55,41,16
498,Femenino,13-15,3-5 horas,Jamundi,70,68,46,69,10
499,Femenino,16-18,9-11 horas,Cali,19,23,73,52,45
500,Masculino,16-18,9-11 horas,Yumbo,71,60,77,48,55
501,Masculino,16-18,9-11 horas,Cali,50,19,79,23,45
502,Femenino,16-18,9-11 horas,Cali,29,36,42,37,25
503,Masculino,16-18,0-2 horas,Jamundi,74,17,53,75,27
504,Femenino,16-18,6-8 horas,Cali,75,29,22,70,32
505,Femenino,16-18,6-8 horas,Cali,80,29,54,51,18
506,Masculino,13-15,6-8 horas,Jamundi,42,24,36,38,25
507,Masculino,16-18,6-8 horas,Cali,56,65,28,64,48
508,Femenino,16-18,6-8 horas,Cali,52,49,61,35,13
509,Masculino,16-18,3-5 horas,Yumbo,71,51,59,36,40
510,Masculino,16-18,3-5 horas,Cali,34,53,68,49,52
511,Masculino,13-15,0-2 horas,Cali,37,47,24,47,35
512,Masculino,16-18,3-5 horas,Jamundi,18,23,55,34,31
513,Femenino,13-15,9-11 horas,Jamundi,60,61,26,83,51
514,Femenino,16-18,3-5 horas,Cali,86,20,76,51,54
515,Masculino,16-18,6-8 horas,Jamundi,63,62,16,38,33
516,Masculino,16-18,0-2 horas,Cali,23,60,69,21,39
517,Masculino,13-15,3-5 horas,Jamundi,78,19,79,78,27
518,Femenino,13-15,6-8 horas,Cali,49,21,38,86,33
519,Masculino,13-15,6-8 horas,Cali,54,30,56,81,60
520,Masculino,16-18,9-11 horas,Yumbo,27,19,33,91,23
521,Masculino,16-18,6-8 horas,Cali,41,48,17,97,20
522,Masculino,16-18,3-5 horas,Cali,95,33,17,82,58
523,Masculino,16-18,0-2 horas,Jamundi,19,36,23,62,52
524,Masculino,16-18,0-2 horas,Jamundi,48,38,67,20,46
525,Masculino,16-18,0-2 horas,Jamundi,58,40,76,77,21
526,Femenino,16-18,3-5 horas,Jamundi,89,48,56,39,22
527,Masculino,16-18,9-11 horas,Cali,42,46,34,55,47
528,Masculino,16-18,0-2 horas,Yumbo,14,64,45,56,46
529,Femenino,13-15,6-8 horas,Yumbo,22,56,27,40,34
530,Masculino,16-18,0-2 horas,Yumbo,64,36,71,77,55
531,Masculino,16-18,6-8 horas,Cali,49,37,19,28,42
532,Masculino,16-18,6-8 horas,Cali,25,24,54,54,24
533,Femenino,13-15,6-8 horas,Yumbo,35,64,45,95,23
534,Femenino,16-18,0-2 horas,Cali,81,22,31,71,31
535,Masculino,16-18,3-5 horas,Jamundi,81,56,59,15,50
536,Masculino,16-18,9-11 horas,Yumbo,80,70,65,35,16
537,Masculino,16-18,3-5 horas,Cali,79,50,20,61,58
538,Masculino,13-15,6-8 horas,Cali,47,13,33,31,14
539,Masculino,16-18,6-8 horas,Cali,37,41,30,55,42
540,Masculino,16-18,6-8 horas,Jamundi,72,55,67,16,29
541,Masculino,13-15,0-2 horas,Yumbo,58,43,61,65,44
542,Femenino,16-18,3-5 horas,Jamundi,55,33,58,50,10
543,Masculino,16-18,3-5 horas,Cali,70,12,17,47,13
544,Femenino,16-18,3-5 horas,Cali,52,12,69,21,59
545,Femenino,16-18,3-5 horas,Yumbo,29,68,61,30,11
546,Femenino,16-18,6-8 horas,Cali,10,22,27,36,17
547,Femenino,13-15,9-11 horas,Cali,63,27,57,40,54
548,Masculino,13-15,3-5 horas,Jamundi,21,31,52,30,14
549,Masculino,13-15,9-11 horas,Jamundi,75,14,27,63,36
550,Masculino,16-18,0-2 horas,Jamundi,45,69,60,62,12
551,Femenino,16-18,6-8 horas,Jamundi,87,63,64,18,55
552,Masculino,16-18,0-2 horas,Cali,37,31,61,76,24
553,Masculino,16-18,3-5 horas,Cali,68,38,53,15,56
554,Femenino,16-18,9-11 horas,Jamundi,48,67,75,50,30
555,Masculino,13-15,9-11 horas,Cali,76,70,65,37,48
556,Masculino,16-18,9-11 horas,Cali,78,34,32,84,18
557,Masculino,13-15,0-2 horas,Yumbo,65,42,22,22,24
558,Masculino,16-18,3-5 horas,Cali,25,52,27,70,50
559,Masculino,16-18,3-5 horas,Cali,28,51,72,58,41
560,Masculino,16-18,6-8 horas,Yumbo,53,36,43,91,42
561,Masculino,16-18,0-2 horas,Yumbo,87,38,78,74,60
562,Masculino,16-18,6-8 horas,Jamundi,33,69,52,64,18
563,Femenino,13-15,6-8 horas,Yumbo,32,19,42,42,27
564,Masculino,13-15,3-5 horas,Cali,65,18,36,68,12
565,Masculino,16-18,3-5 horas,Jamundi,93,24,65,18,41
566,Femenino,13-15,0-2 horas,Cali,78,58,42,89,31
567,Masculino,13-15,6-8 horas,Yumbo,12,44,58,87,50
568,Femenino,16-18,3-5 horas,Yumbo,59,65,58,84,34
569,Femenino,13-15,0-2 horas,Jamundi,15,67,33,24,49
570,Masculino,16-18,6-8 horas,Jamundi,61,29,29,98,60
571,Masculino,13-15,0-2 horas,Cali,72,63,69,44,56
572,Femenino,13-15,0-2 horas,Cali,78,14,28,77,17
573,Masculino,16-18,9-11 horas,Jamundi,93,56,53,17,24
574,Masculino,16-18,0-2 horas,Yumbo,85,13,27,50,19
575,Masculino,13-15,3-5 horas,Cali,77,19,59,51,18
576,Femenino,13-15,0-2 horas,Jamundi,26,42,15,88,24
577,Masculino,16-18,9-11 horas,Cali,65,63,44,40,30
578,Femenino,16-18,3-5 horas,Cali,41,49,63,20,44
579,Femenino,16-18,3-5 horas,Cali,52,32,34,39,56
580,Masculino,13-15,9-11 horas,Jamundi,73,19,35,98,12
581,Masculino,13-15,3-5 horas,Yumbo,87,51,47,39,23
582,Femenino,16-18,3-5 horas,Jamundi,15,58,63,18,28
583,Femenino,16-18,3-5 horas,Cali,88,54,20,37,56
584,Masculino,16-18,0-2 horas,Cali,54,44,25,19,50
585,Masculino,16-18,9-11 horas,Yumbo,12,30,67,33,25
586,Masculino,16-18,0-2 horas,Jamundi,95,56,54,66,33
587,Masculino,13-15,3-5 horas,Yumbo,59,50,26,99,22
588,Masculino,13-15,6-8 horas,Cali,20,53,41,73,55
589,Femenino,13-15,3-5 horas,Cali,30,56,27,60,12
590,Femenino,16-18,0-2 horas,Yumbo,51,53,70,86,16
591,Femenino,13-15,0-2 horas,Jamundi,84,37,70,24,42
592,Femenino,13-15,6-8 horas,Cali,16,59,48,19,55
593,Masculino,16-18,3-5 horas,Yumbo,77,31,15,91,29
594,Femenino,13-15,0-2 horas,Cali,41,22,49,79,24
595,Masculino,16-18,6-8 horas,Cali,60,13,29,21,34
596,Masculino,13-15,3-5 horas,Cali,89,38,26,79,56
597,Masculino,16-18,6-8 horas,Cali,31,43,50,27,56
598,Femenino,16-18,3-5 horas,Jamundi,14,14,72,49,37
599,Masculino,16-18,3-5 horas,Cali,77,68,72,44,32
600,Masculino,16-18,6-8 horas,Cali,44,33,54,91,22
601,Masculino,13-15,6-8 horas,Yumbo,52,39,29,63,40
602,Femenino,16-18,3-5 horas,Yumbo,84,41,68,49,20
603,Femenino,16-18,9-11 horas,Cali,55,31,20,85,31
604,Masculino,13-15,3-5 horas,Jamundi,20,12,51,61,18
605,Femenino,16-18,3-5 horas,Cali,75,43,57,58,28
606,Femenino,13-15,0-2 horas,Cali,79,38,40,83,46
607,Masculino,16-18,6-8 horas,Yumbo,66,20,62,53,15
608,Femenino,16-18,0-2 horas,Cali,22,22,39,53,59
609,Masculino,16-18,0-2 horas,Cali,34,70,37,38,22
610,Masculino,13-15,6-8 horas,Cali,31,16,26,69,45
611,Masculino,16-18,6-8 horas,Yumbo,74,61,27,96,20
612,Masculino,13-15,0-2 horas,Cali,25,53,67,65,18
613,Masculino,16-18,9-11 horas,Jamundi,27,50,16,30,41
614,Femenino,16-18,9-11 horas,Cali,47,32,27,23,59
615,Femenino,16-18,6-8 horas,Cali,28,24,61,31,57
616,Femenino,16-18,0-2 horas,Jamundi,45,67,24,74,21
617,Femenino,16-18,3-5 horas,Yumbo,12,13,49,16,12
618,Femenino,16-18,3-5 horas,Jamundi,94,25,75,92,39
619,Masculino,16-18,9-11 horas,Cali,58,70,72,97,46
620,Femenino,16-18,6-8 horas,Yumbo,59,70,77,18,37
621,Masculino,16-18,9-11 horas,Cali,73,41,61,30,52
622,Masculino,13-15,0-2 horas,Yumbo,71,13,46,60,23
623,Masculino,16-18,3-5 horas,Cali,89,18,76,96,56
624,Femenino,13-15,6-8 horas,Cali,35,70,34,27,60
625,Masculino,16-18,3-5 horas,Cali,67,56,58,99,34
626,Masculino,13-15,9-11 horas,Cali,17,27,20,92,24
627,Femenino,16-18,6-8 horas,Jamundi,17,30,79,61,53
628,Femenino,16-18,3-5 horas,Yumbo,22,48,23,85,21
629,Femenino,13-15,0-2 horas,Jamundi,28,58,52,66,14
630,Masculino,16-18,3-5 horas,Yumbo,76,57,76,19,17
631,Masculino,13-15,9-11 horas,Jamundi,58,67,22,54,25
632,Masculino,16-18,9-11 horas,Yumbo,89,31,46,26,54
633,Femenino,16-18,0-2 horas,Cali,71,62,23,70,54
634,Masculino,13-15,3-5 horas,Yumbo,39,21,67,61,48
635,Masculino,16-18,0-2 horas,Jamundi,63,28,28,81,20
636,Femenino,13-15,0-2 horas,Yumbo,49,55,71,48,22
637,Masculino,16-18,0-2 horas,Cali,72,22,22,40,46
638,Femenino,16-18,0-2 horas,Cali,48,64,51,86,53
639,Femenino,16-18,6-8 horas,Cali,38,15,59,45,46
640,Femenino,16-18,0-2 horas,Cali,58,19,63,78,19
641,Femenino,16-18,3-5 horas,Jamundi,13,45,25,86,30
642,Femenino,16-18,0-2 horas,Jamundi,79,69,73,71,15
643,Femenino,16-18,0-2 horas,Cali,32,15,67,89,21
644,Masculino,16-18,3-5 horas,Yumbo,73,27,40,76,48
645,Femenino,16-18,3-5 horas,Yumbo,81,17,52,85,41
646,Femenino,16-18,9-11 horas,Cali,56,61,61,18,42
647,Masculino,16-18,9-11 horas,Jamundi,74,19,61,72,27
648,Masculino,16-18,0-2 horas,Jamundi,15,40,55,96,23
649,Masculino,13-15,6-8 horas,Yumbo,92,67,41,70,30
650,Femenino,16-18,3-5 horas,Cali,80,20,39,84,39
651,Masculino,16-18,6-8 horas,Yumbo,47,37,57,36,38
652,Masculino,13-15,6-8 horas,Cali,38,12,65,30,56
653,Masculino,16-18,3-5 horas,Jamundi,41,55,72,40,40
654,Masculino,16-18,0-2 horas,Jamundi,51,54,57,69,57
655,Femenino,16-18,0-2 horas,Yumbo,69,68,77,58,11
656,Masculino,16-18,0-2 horas,Yumbo,37,46,28,70,14
657,Masculino,16-18,6-8 horas,Yumbo,44,60,60,35,21
658,Femenino,16-18,0-2 horas,Jamundi,14,32,33,25,55
659,Femenino,13-15,6-8 horas,Cali,64,57,54,49,48
660,Masculino,16-18,0-2 horas,Cali,85,67,65,62,21
661,Femenino,13-15,3-5 horas,Cali,22,47,23,52,36
662,Masculino,16-18,9-11 horas,Yumbo,17,55,17,42,18
663,Femenino,13-15,0-2 horas,Cali,69,33,22,93,16
664,Femenino,13-15,0-2 horas,Jamundi,28,59,66,65,15
665,Masculino,13-15,0-2 horas,Cali,80,34,78,56,58
666,Masculino,13-15,0-2 horas,Jamundi,70,41,34,72,50
667,Masculino,13-15,0-2 horas,Jamundi,91,44,51,74,35
668,Masculino,16-18,0-2 horas,Cali,33,49,48,33,22
669,Femenino,16-18,6-8 horas,Jamundi,13,55,42,47,60
670,Femenino,16-18,6-8 horas,Cali,74,61,28,31,43
671,Femenino,13-15,9-11 horas,Cali,34,54,56,20,30
672,Femenino,16-18,6-8 horas,Cali,28,19,66,34,45
673,Femenino,16-18,6-8 horas,Jamundi,11,20,75,16,19
674,Masculino,16-18,6-8 horas,Jamundi,79,62,69,74,42
675,Femenino,16-18,0-2 horas,Jamundi,63,39,74,59,49
676,Femenino,16-18,0-2 horas,Cali,29,51,42,25,23
677,Femenino,13-15,3-5 horas,Yumbo,41,51,57,97,11
678,Masculino,16-18,0-2 horas,Cali,63,33,77,89,23
679,Femenino,13-15,9-11 horas,Cali,42,38,49,36,32
680,Masculino,13-15,3-5 horas,Cali,15,41,80,51,14
681,Femenino,16-18,3-5 horas,Yumbo,70,21,25,91,35
682,Femenino,16-18,0-2 horas,Jamundi,53,13,41,58,13
683,Masculino,16-18,3-5 horas,Yumbo,50,48,61,26,28
684,Masculino,13-15,0-2 horas,Cali,24,56,29,41,31
685,Femenino,16-18,0-2 horas,Cali,34,64,69,26,54
686,Masculino,16-18,3-5 horas,Yumbo,50,29,59,33,56
687,Femenino,16-18,9-11 horas,Yumbo,37,70,70,77,47
688,Femenino,16-18,6-8 horas,Jamundi,40,39,55,33,24
689,Masculino,13-15,9-11 horas,Jamundi,18,43,42,50,46
690,Masculino,13-15,3-5 horas,Jamundi,88,63,53,36,10
691,Masculino,16-18,3-5 horas,Yumbo,53,45,37,86,17
692,Masculino,13-15,0-2 horas,Jamundi,83,35,75,88,16
693,Masculino,16-18,0-2 horas,Yumbo,25,36,67,97,20
694,Masculino,16-18,9-11 horas,Cali,72,45,80,89,15
695,Femenino,13-15,6-8 horas,Jamundi,34,24,51,49,57
696,Femenino,16-18,0-2 horas,Cali,49,70,56,73,37
697,Masculino,16-18,0-2 horas,Jamundi,46,33,26,19,43
698,Masculino,13-15,3-5 horas,Cali,58,25,31,93,26
699,Masculino,16-18,0-2 horas,Cali,65,40,71,45,15
700,Femenino,16-18,6-8 horas,Cali,49,69,61,72,18
701,Femenino,16-18,6-8 horas,Cali,65,32,51,71,47
702,Masculino,13-15,3-5 horas,Yumbo,56,58,55,76,46
703,Femenino,16-18,3-5 horas,Jamundi,74,23,35,49,30
704,Masculino,16-18,0-2 horas,Yumbo,45,58,74,98,23
705,Masculino,16-18,6-8 horas,Cali,78,31,25,23,18
706,Masculino,16-18,0-2 horas,Cali,49,30,31,96,26
707,Masculino,16-18,6-8 horas,Cali,32,58,28,65,42
708,Masculino,16-18,3-5 horas,Cali,62,58,22,98,29
709,Femenino,16-18,3-5 horas,Cali,53,18,37,60,48
710,Masculino,16-18,6-8 horas,Yumbo,22,35,34,16,53
711,Masculino,13-15,6-8 horas,Yumbo,45,63,34,15,52
712,Femenino,16-18,0-2 horas,Cali,30,25,51,42,32
713,Masculino,16-18,0-2 horas,Cali,75,17,30,69,20
714,Masculino,13-15,3-5 horas,Jamundi,22,39,23,40,19
715,Femenino,16-18,6-8 horas,Cali,57,13,40,49,13
716,Masculino,16-18,9-11 horas,Cali,90,60,65,53,49
717,Femenino,16-18,9-11 horas,Cali,84,51,30,90,16
718,Femenino,16-18,9-11 horas,Jamundi,30,29,33,74,50
719,Femenino,16-18,0-2 horas,Cali,25,50,21,50,22
720,Femenino,16-18,9-11 horas,Cali,31,27,58,56,28
721,Masculino,13-15,3-5 horas,Jamundi,54,24,79,21,30
722,Masculino,16-18,6-8 horas,Cali,36,35,17,45,48
723,Femenino,16-18,0-2 horas,Jamundi,21,66,80,94,18
724,Femenino,16-18,9-11 horas,Yumbo,90,37,65,53,42
725,Masculino,16-18,9-11 horas,Jamundi,90,56,71,52,41
726,Masculino,13-15,6-8 horas,Cali,57,70,67,43,57
727,Masculino,16-18,9-11 horas,Cali,94,56,30,84,18
728,Masculino,16-18,9-11 horas,Cali,13,23,56,40,49
729,Masculino,16-18,9-11 horas,Yumbo,84,62,66,87,32
730,Femenino,16-18,3-5 horas,Cali,68,38,77,39,16
731,Masculino,13-15,9-11 horas,Jamundi,13,19,76,74,50
732,Femenino,16-18,6-8 horas,Yumbo,41,21,47,79,10
733,Femenino,13-15,0-2 horas,Cali,66,37,56,41,35
734,Femenino,13-15,6-8 horas,Cali,88,23,53,77,46
735,Masculino,16-18,9-11 horas,Cali,35,47,38,59,11
736,Femenino,16-18,6-8 horas,Yumbo,94,13,27,28,39
737,Masculino,16-18,6-8 horas,Cali,41,68,22,22,11
738,Masculino,16-18,0-2 horas,Yumbo,81,12,76,44,40
739,Femenino,16-18,3-5 horas,Yumbo,19,37,17,100,31
740,Masculino,13-15,6-8 horas,Cali,26,51,28,37,24
741,Masculino,16-18,3-5 horas,Cali,83,28,40,65,43
742,Masculino,13-15,0-2 horas,Jamundi,85,66,30,21,57
743,Femenino,16-18,0-2 horas,Cali,77,56,48,60,27
744,Masculino,16-18,9-11 horas,Cali,11,55,15,80,50
745,Masculino,16-18,9-11 horas,Cali,68,47,57,30,58
746,Masculino,16-18,6-8 horas,Cali,85,52,54,97,31
747,Masculino,16-18,0-2 horas,Cali,71,14,55,67,12
748,Masculino,16-18,6-8 horas,Yumbo,73,36,26,100,39
749,Masculino,16-18,0-2 horas,Yumbo,90,60,47,85,59
750,Femenino,16-18,3-5 horas,Cali,95,67,55,38,52
751,Femenino,16-18,6-8 horas,Jamundi,22,35,55,23,27
752,Masculino,16-18,9-11 horas,Jamundi,35,20,48,20,46
753,Femenino,13-15,3-5 horas,Yumbo,37,60,26,35,37
754,Masculino,13-15,0-2 horas,Jamundi,88,54,49,83,58
755,Masculino,16-18,6-8 horas,Yumbo,11,39,42,50,26
756,Masculino,16-18,3-5 horas,Jamundi,33,49,31,91,55
757,Masculino,16-18,0-2 horas,Cali,94,64,80,28,48
758,Femenino,16-18,3-5 horas,Cali,60,45,16,45,53
759,Masculino,13-15,0-2 horas,Jamundi,58,59,35,32,19
760,Femenino,16-18,9-11 horas,Cali,14,46,52,76,60
761,Femenino,16-18,0-2 horas,Yumbo,88,15,34,70,28
762,Masculino,13-15,3-5 horas,Cali,51,35,66,43,37
763,Masculino,16-18,0-2 horas,Yumbo,43,43,16,45,52
764,Femenino,16-18,3-5 horas,Jamundi,64,57,67,55,23
765,Femenino,16-18,0-2 horas,Jamundi,89,35,40,21,39
766,Masculino,16-18,6-8 horas,Cali,88,54,44,74,38
767,Femenino,13-15,9-11 horas,Yumbo,82,61,55,55,50
768,Femenino,16-18,0-2 horas,Jamundi,49,30,34,71,27
769,Masculino,16-18,6-8 horas,Yumbo,33,32,68,28,48
770,Femenino,16-18,0-2 horas,Yumbo,54,24,80,42,22
771,Femenino,16-18,0-2 horas,Yumbo,61,23,26,85,33
772,Masculino,13-15,3-5 horas,Cali,76,51,72,78,11
773,Femenino,13-15,9-11 horas,Cali,41,28,54,18,23
774,Masculino,16-18,0-2 horas,Cali,45,26,74,85,44
775,Femenino,16-18,6-8 horas,Jamundi,83,20,19,27,59
776,Femenino,13-15,3-5 horas,Cali,27,35,45,94,12
777,Masculino,16-18,6-8 horas,Jamundi,65,67,80,18,21
778,Masculino,16-18,0-2 horas,Cali,71,22,27,42,32
779,Femenino,16-18,6-8 horas,Yumbo,61,35,48,26,53
780,Masculino,13-15,9-11 horas,Cali,55,17,58,54,36
781,Femenino,16-18,3-5 horas,Jamundi,46,69,22,82,32
782,Femenino,16-18,9-11 horas,Cali,60,20,18,79,15
783,Masculino,16-18,3-5 horas,Jamundi,56,33,27,77,19
784,Masculino,16-18,0-2 horas,Jamundi,13,64,65,77,54
785,Masculino,16-18,6-8 horas,Jamundi,41,22,72,23,20
786,Masculino,13-15,0-2 horas,Cali,65,19,55,97,29
787,Femenino,16-18,6-8 horas,Jamundi,93,38,16,25,20
788,Femenino,16-18,0-2 horas,Yumbo,33,50,21,79,32
789,Femenino,16-18,6-8 horas,Cali,60,68,57,53,39
790,Masculino,16-18,9-11 horas,Cali,66,61,59,35,27
791,Masculino,16-18,6-8 horas,Yumbo,15,32,32,96,22
792,Femenino,13-15,0-2 horas,Cali,28,13,17,96,58
793,Masculino,13-15,3-5 horas,Cali,55,34,39,57,44
794,Femenino,13-15,0-2 horas,Yumbo,15,46,34,88,19
795,Masculino,16-18,9-11 horas,Cali,51,16,32,62,52
796,Femenino,16-18,0-2 horas,Cali,23,53,64,64,39
797,Femenino,16-18,0-2 horas,Yumbo,21,45,31,90,26
798,Femenino,16-18,0-2 horas,Yumbo,50,65,35,36,53
799,Femenino,16-18,6-8 horas,Cali,86,54,70,17,13
800,Masculino,16-18,6-8 horas,Cali,11,40,22,22,50
801,Masculino,13-15,6-8 horas,Cali,35,37,74,30,23
802,Femenino,16-18,0-2 horas,Yumbo,24,53,56,43,54
803,Masculino,16-18,9-11 horas,Cali,18,41,68,91,58
804,Masculino,16-18,3-5 horas,Yumbo,11,30,51,53,37
805,Masculino,16-18,0-2 horas,Cali,81,37,42,32,38
806,Femenino,13-15,9-11 horas,Jamundi,62,62,57,34,42
807,Femenino,13-15,0-2 horas,Cali,58,61,44,48,50
808,Masculino,16-18,6-8 horas,Cali,59,64,28,69,36
809,Masculino,16-18,6-8 horas,Cali,79,26,21,36,20
810,Masculino,16-18,3-5 horas,Yumbo,48,64,48,30,10
811,Masculino,16-18,9-11 horas,Jamundi,25,58,49,93,57
812,Femenino,13-15,3-5 horas,Jamundi,37,18,15,96,24
813,Masculino,13-15,0-2 horas,Jamundi,24,34,80,66,17
814,Masculino,13-15,0-2 horas,Cali,50,16,31,68,41
815,Masculino,16-18,0-2 horas,Cali,65,34,27,24,19
816,Masculino,16-18,9-11 horas,Cali,80,13,39,46,24
817,Femenino,13-15,0-2 horas,Yumbo,85,54,43,98,55
818,Femenino,16-18,6-8 horas,Cali,13,51,30,30,14
819,Femenino,16-18,6-8 horas,Jamundi,46,51,25,51,19
820,Femenino,16-18,0-2 horas,Cali,89,47,58,90,24
821,Masculino,16-18,9-11 horas,Cali,45,38,16,61,17
822,Femenino,16-18,6-8 horas,Cali,35,57,24,63,49
823,Femenino,16-18,3-5 horas,Cali,53,43,23,87,59
824,Masculino,16-18,6-8 horas,Cali,23,14,43,47,19
825,Masculino,16-18,3-5 horas,Cali,87,69,78,50,49
826,Masculino,16-18,3-5 horas,Jamundi,89,38,61,53,27
827,Masculino,16-18,9-11 horas,Cali,81,21,63,35,44
828,Masculino,16-18,6-8 horas,Cali,19,26,40,66,18
829,Femenino,13-15,3-5 horas,Jamundi,51,45,69,26,58
830,Femenino,16-18,6-8 horas,Cali,51,26,76,91,19
831,Masculino,16-18,0-2 horas,Jamundi,91,50,30,49,39
832,Femenino,16-18,6-8 horas,Cali,82,62,42,37,28
833,Masculino,16-18,9-11 horas,Jamundi,31,36,73,81,20
834,Femenino,16-18,0-2 horas,Jamundi,38,67,23,36,53
835,Masculino,13-15,3-5 horas,Cali,43,30,44,60,35
836,Femenino,16-18,3-5 horas,Cali,86,63,30,55,44
837,Masculino,16-18,6-8 horas,Yumbo,23,39,78,16,47
838,Femenino,16-18,0-2 horas,Cali,76,35,32,91,36
839,Masculino,16-18,0-2 horas,Jamundi,33,35,56,67,37
840,Masculino,16-18,0-2 horas,Cali,21,27,78,92,48
841,Masculino,16-18,9-11 horas,Jamundi,32,16,51,57,11
842,Femenino,13-15,6-8 horas,Jamundi,15,47,44,16,29
843,Masculino,16-18,0-2 horas,Jamundi,82,46,42,32,28
844,Masculino,16-18,6-8 horas,Jamundi,18,14,42,51,12
845,Masculino,16-18,0-2 horas,Cali,23,46,29,28,23
846,Femenino,13-15,0-2 horas,Cali,22,19,35,16,18
847,Masculino,16-18,0-2 horas,Jamundi,35,65,60,100,51
848,Femenino,13-15,9-11 horas,Cali,70,45,74,54,55
849,Masculino,16-18,0-2 horas,Jamundi,31,53,31,29,25
850,Femenino,16-18,3-5 horas,Jamundi,80,18,32,54,28
851,Masculino,16-18,0-2 horas,Jamundi,37,37,45,95,53
852,Femenino,16-18,0-2 horas,Jamundi,70,33,22,21,59
853,Masculino,13-15,3-5 horas,Yumbo,87,49,55,29,41
854,Masculino,13-15,6-8 horas,Cali,18,41,40,68,15
855,Masculino,16-18,9-11 horas,Cali,46,23,28,55,55
856,Masculino,13-15,6-8 horas,Cali,16,31,20,61,59
857,Femenino,16-18,3-5 horas,Yumbo,54,52,50,67,52
858,Femenino,16-18,6-8 horas,Cali,81,62,66,29,39
859,Masculino,13-15,3-5 horas,Jamundi,74,23,79,15,25
860,Femenino,16-18,6-8 horas,Cali,60,34,29,59,39
861,Masculino,16-18,6-8 horas,Cali,45,16,60,83,11
862,Femenino,16-18,3-5 horas,Jamundi,43,61,44,55,23
863,Femenino,16-18,6-8 horas,Yumbo,62,17,37,52,43
864,Masculino,13-15,0-2 horas,Cali,70,42,71,44,47
865,Masculino,16-18,0-2 horas,Yumbo,41,15,50,53,47
866,Masculino,16-18,3-5 horas,Yumbo,45,42,56,22,16
867,Femenino,13-15,0-2 horas,Yumbo,64,26,38,70,41
868,Masculino,16-18,6-8 horas,Jamundi,69,57,76,38,46
869,Masculino,16-18,0-2 horas,Cali,89,53,74,93,15
870,Femenino,16-18,3-5 horas,Cali,34,35,64,70,47
871,Femenino,13-15,6-8 horas,Cali,67,27,33,50,23
872,Femenino,13-15,0-2 horas,Jamundi,75,26,60,84,24
873,Femenino,16-18,3-5 horas,Cali,68,30,33,44,54
874,Masculino,16-18,9-11 horas,Yumbo,46,64,73,77,35
875,Masculino,16-18,0-2 horas,Jamundi,27,67,32,21,29
876,Masculino,16-18,0-2 horas,Jamundi,57,13,56,89,16
877,Masculino,16-18,3-5 horas,Cali,82,20,20,54,41
878,Femenino,16-18,0-2 horas,Jamundi,89,44,58,51,19
879,Masculino,13-15,0-2 horas,Yumbo,88,45,26,65,31
880,Femenino,16-18,0-2 horas,Jamundi,35,63,41,49,35
881,Femenino,13-15,6-8 horas,Cali,60,69,37,18,35
882,Masculino,16-18,0-2 horas,Cali,78,41,70,100,16
883,Femenino,16-18,6-8 horas,Yumbo,39,30,47,30,49
884,Femenino,16-18,0-2 horas,Yumbo,28,27,59,49,17
885,Femenino,16-18,3-5 horas,Cali,84,13,70,69,40
886,Masculino,16-18,9-11 horas,Yumbo,86,32,34,84,18
887,Femenino,16-18,6-8 horas,Jamundi,88,14,48,93,29
888,Femenino,16-18,0-2 horas,Jamundi,75,17,69,100,20
889,Masculino,13-15,9-11 horas,Jamundi,85,43,44,30,12
890,Femenino,16-18,3-5 horas,Jamundi,29,46,48,31,56
891,Masculino,16-18,6-8 horas,Jamundi,33,41,80,19,35
892,Masculino,16-18,0-2 horas,Yumbo,10,29,46,69,21
893,Masculino,16-18,3-5 horas,Cali,22,23,41,92,33
894,Masculino,16-18,9-11 horas,Jamundi,22,61,59,63,24
895,Masculino,16-18,0-2 horas,Jamundi,16,12,36,57,23
896,Masculino,16-18,6-8 horas,Cali,33,68,63,17,46
897,Femenino,16-18,0-2 horas,Cali,18,28,70,47,57
898,Femenino,16-18,6-8 horas,Cali,63,23,33,47,27
899,Femenino,16-18,0-2 horas,Cali,41,61,45,82,24
900,Femenino,13-15,0-2 horas,Yumbo,80,16,23,31,34
901,Masculino,16-18,9-11 horas,Cali,48,69,63,66,59
902,Masculino,16-18,6-8 horas,Jamundi,24,44,53,82,28
903,Femenino,16-18,0-2 horas,Cali,71,35,29,42,60
904,Masculino,16-18,3-5 horas,Cali,26,26,51,76,37
905,Masculino,13-15,0-2 horas,Cali,74,15,33,15,45
906,Masculino,16-18,6-8 horas,Yumbo,86,43,60,53,30
907,Femenino,16-18,3-5 horas,Cali,42,52,42,90,42
908,Masculino,16-18,0-2 horas,Jamundi,18,62,48,71,32
909,Masculino,16-18,6-8 horas,Yumbo,39,40,34,18,46
910,Masculino,16-18,0-2 horas,Jamundi,40,23,67,60,41
911,Masculino,16-18,0-2 horas,Jamundi,58,27,80,40,27
912,Masculino,13-15,3-5 horas,Cali,73,50,39,32,13
913,Femenino,16-18,9-11 horas,Jamundi,66,21,20,73,48
914,Masculino,16-18,9-11 horas,Cali,68,19,46,21,11
915,Femenino,13-15,0-2 horas,Jamundi,84,60,22,92,47
916,Femenino,16-18,0-2 horas,Cali,88,22,32,87,36
917,Femenino,16-18,6-8 horas,Cali,84,25,69,49,22
918,Masculino,13-15,3-5 horas,Cali,19,52,72,18,42
919,Masculino,16-18,6-8 horas,Cali,48,63,34,50,29
920,Masculino,16-18,0-2 horas,Cali,36,14,34,37,47
921,Femenino,13-15,0-2 horas,Jamundi,83,42,26,75,20
922,Masculino,16-18,0-2 horas,Jamundi,91,47,54,38,47
923,Femenino,16-18,3-5 horas,Cali,53,65,75,28,35
924,Masculino,16-18,0-2 horas,Yumbo,43,64,67,65,33
925,Femenino,16-18,3-5 horas,Jamundi,59,34,75,32,41
926,Masculino,16-18,0-2 horas,Yumbo,65,48,58,93,49
927,Masculino,13-15,0-2 horas,Cali,45,21,48,32,44
928,Femenino,16-18,9-11 horas,Cali,42,14,64,88,60
929,Femenino,16-18,6-8 horas,Cali,53,41,28,35,21
930,Femenino,13-15,0-2 horas,Cali,35,62,47,25,11
931,Femenino,13-15,3-5 horas,Jamundi,18,32,28,95,26
932,Masculino,16-18,6-8 horas,Yumbo,49,14,59,85,44
933,Femenino,16-18,6-8 horas,Yumbo,65,57,41,72,41
934,Femenino,16-18,9-11 horas,Cali,84,62,66,91,15
935,Masculino,13-15,0-2 horas,Cali,87,60,36,73,42
936,Femenino,16-18,9-11 horas,Cali,79,50,34,83,32
937,Femenino,13-15,6-8 horas,Jamundi,92,23,61,91,14
938,Femenino,16-18,3-5 horas,Jamundi,84,54,68,96,25
939,Femenino,16-18,6-8 horas,Jamundi,16,31,75,74,55
940,Masculino,16-18,6-8 horas,Cali,82,19,33,33,40
941,Femenino,16-18,6-8 horas,Jamundi,15,66,22,95,19
942,Femenino,13-15,6-8 horas,Yumbo,71,57,18,23,50
943,Femenino,13-15,9-11 horas,Yumbo,27,49,34,97,53
944,Femenino,13-15,3-5 horas,Jamundi,35,24,26,87,30
945,Femenino,16-18,0-2 horas,Yumbo,68,48,79,19,44
946,Masculino,13-15,0-2 horas,Cali,81,54,67,71,27
947,Masculino,16-18,3-5 horas,Cali,16,63,15,58,51
948,Masculino,16-18,9-11 horas,Jamundi,91,45,40,87,53
949,Masculino,16-18,9-11 horas,Jamundi,19,38,42,47,48
950,Masculino,16-18,6-8 horas,Cali,86,25,50,61,48
951,Femenino,16-18,0-2 horas,Jamundi,47,17,32,76,27
952,Femenino,16-18,6-8 horas,Cali,63,53,80,91,35
953,Femenino,13-15,6-8 horas,Jamundi,59,46,42,21,56
954,Femenino,16-18,9-11 horas,Cali,27,63,37,86,56
955,Masculino,16-18,3-5 horas,Yumbo,15,49,46,60,24
956,Femenino,16-18,3-5 horas,Jamundi,45,14,46,73,60
957,Femenino,13-15,3-5 horas,Yumbo,53,67,76,18,21
958,Masculino,16-18,6-8 horas,Yumbo,46,28,21,55,55
959,Masculino,16-18,3-5 horas,Yumbo,70,38,29,72,19
960,Femenino,16-18,0-2 horas,Cali,55,21,24,31,25
961,Masculino,16-18,9-11 horas,Cali,80,48,64,21,51
962,Masculino,16-18,3-5 horas,Yumbo,50,17,43,21,49
963,Femenino,13-15,3-5 horas,Yumbo,95,14,79,57,31
964,Masculino,16-18,3-5 horas,Jamundi,57,69,79,22,22
965,Femenino,16-18,9-11 horas,Yumbo,78,51,20,54,55
966,Femenino,16-18,3-5 horas,Cali,74,28,75,77,33
967,Masculino,16-18,3-5 horas,Cali,59,65,59,52,54
968,Femenino,16-18,9-11 horas,Jamundi,79,12,48,91,48
969,Femenino,16-18,0-2 horas,Jamundi,95,46,30,47,60
970,Femenino,16-18,6-8 horas,Cali,31,69,68,76,40
971,Femenino,16-18,0-2 horas,Cali,84,62,38,43,12
972,Masculino,16-18,0-2 horas,Jamundi,56,44,74,57,21
973,Femenino,13-15,6-8 horas,Cali,52,23,29,68,60
974,Femenino,16-18,6-8 horas,Yumbo,68,49,20,73,42
975,Femenino,16-18,9-11 horas,Jamundi,70,62,21,40,51
976,Femenino,16-18,0-2 horas,Cali,78,64,16,47,41
977,Masculino,16-18,3-5 horas,Cali,52,18,32,53,20
978,Femenino,16-18,0-2 horas,Cali,46,50,44,25,46
979,Masculino,16-18,0-2 horas,Jamundi,82,27,75,64,49
980,Masculino,13-15,3-5 horas,Jamundi,17,49,75,99,49
981,Masculino,16-18,6-8 horas,Yumbo,55,34,25,88,18
982,Masculino,16-18,3-5 horas,Cali,34,13,79,37,22
983,Femenino,16-18,6-8 horas,Yumbo,22,70,27,66,60
984,Masculino,16-18,6-8 horas,Jamundi,79,60,22,90,50
985,Masculino,13-15,3-5 horas,Cali,47,42,78,78,19
986,Masculino,16-18,6-8 horas,Cali,34,49,29,15,26
987,Masculino,16-18,3-5 horas,Cali,86,35,73,77,13
988,Masculino,13-15,0-2 horas,Cali,40,59,33,67,13
989,Masculino,16-18,0-2 horas,Jamundi,65,48,39,80,15
990,Masculino,13-15,0-2 horas,Cali,18,64,43,90,22
991,Masculino,16-18,6-8 horas,Cali,34,54,32,69,56
992,Masculino,16-18,9-11 horas,Cali,16,62,50,28,23
993,Femenino,16-18,3-5 horas,Jamundi,61,44,75,65,10
994,Femenino,16-18,9-11 horas,Cali,71,35,61,63,20
995,Femenino,16-18,0-2 horas,Yumbo,68,60,77,48,55
996,Femenino,13-15,6-8 horas,Jamundi,19,39,58,66,27
997,Masculino,16-18,3-5 horas,Jamundi,67,59,30,28,48
998,Femenino,13-15,6-8 horas,Yumbo,47,42,27,19,42
999,Masculino,13-15,0-2 horas,Cali,69,43,52,38,52